{
	"format_version": "1.8.0",
	"animations": {
		"default.new": {
			"loop": true,
			"animation_length": 3,
			"bones": {
				"body": {
					"rotation": {
						"0.0": [0, 0, 0],
						"0.5": [0, 2.5, 0],
						"1.0": [0, 0, 0],
						"1.5": [0, 0, 0],
						"2.0": [0, 0, 0],
						"2.25": [-5, 0, 0],
						"3.0": [0, 0, 0]
					}
				},
				"left_hand1": {
					"rotation": {
						"0.0": [0, 0, 0],
						"0.0833": [-7.5, 0, 0],
						"0.1667": [10, 0, 0],
						"0.25": [-2.5, 0, 0],
						"0.3333": [5, 0, 0],
						"1.375": [7.5, 0, 0],
						"1.4167": [7.5, 5, 0],
						"1.4583": [7.5, 2.5, 0],
						"1.5": [7.5, 0, 0],
						"1.5417": [5, 0, 0],
						"1.5833": [2.5, 0, 0],
						"1.625": [0, 0, 0]
					}
				},
				"right_hand5": {
					"rotation": {
						"0.0": [0, 0, 0],
						"1.9167": [0, 0, -5],
						"2.1667": [0, 0, -12.5],
						"2.4583": [0, 0, 0]
					}
				},
				"right_hand1": {
					"rotation": {
						"0.0": [0, 0, 0],
						"1.1667": [0, -5, 0],
						"1.25": [0, 0, 0],
						"1.3333": [0, -5, 0],
						"1.4167": [0, 0, 0],
						"1.5": [0, -2.5, 0],
						"2.125": [-7.50706, -2.4786, 0.32652],
						"2.5417": [0, 0, 0]
					}
				},
				"left_hand5": {
					"rotation": {
						"0.0": [0, 0, 0],
						"1.9167": [-7.7508, 0.25914, 5.92994],
						"2.1667": [-7.7508, 0.25914, 10.92994],
						"2.4583": [0, 0, 0]
					}
				}
			}
		},
		"move.new": {
			"loop": true,
			"animation_length": 3,
			"bones": {
				"body": {
					"rotation": {
						"0.0": [0, 0, 0],
						"0.4583": [0, 0, -2.5],
						"1.0": [0, 0, 0],
						"1.5": [0, 0, 2.5],
						"2.0": [0, 0, 0],
						"2.5": [0, 0, -2.5],
						"3.0": [0, 0, 0]
					}
				},
				"left_hand4": {
					"rotation": {
						"0.0": [0, -15, 0],
						"1.0": [-0.91755, -4.92668, 9.66285],
						"1.5": [-3.47103, -14.61643, 14.03289],
						"2.0": [-5.88428, -24.32347, 8.84157],
						"2.5": [-5.78288, -29.32245, -1.16343],
						"3.0": [0, -15, 0]
					}
				},
				"left_hand3": {
					"rotation": {
						"0.0": [0, -15, 0],
						"0.5": [0, 0, 0],
						"1.0": [-0.87481, -4.92529, 9.84739],
						"1.5": [-2.57798, -14.77986, 14.76842],
						"2.0": [-5.17119, -24.44396, 10.09068],
						"2.5": [-5.17946, -29.44395, 0.09274],
						"3.0": [0, -15, 0]
					}
				},
				"left_hand2": {
					"rotation": {
						"0.0": [0, 0, 0],
						"0.5": [-0.87038, -4.92385, 10.03742],
						"1.0": [-2.66399, -14.76689, 15.34527],
						"1.5": [-5.55614, -24.38972, 11.31803],
						"2.0": [-5.68797, -29.38834, 1.37771],
						"3.0": [0, 0, 0]
					}
				},
				"left_hand1": {
					"rotation": {
						"0.0": [0, 0, 0],
						"0.5": [0, 0, -2.5],
						"1.0": [0, 0, 0],
						"1.5": [0, 0, -2.5],
						"2.0": [0, 0, 0],
						"2.5": [0, 0, -2.5],
						"3.0": [0, 0, 0]
					}
				},
				"right_hand4": {
					"rotation": {
						"0.0": [-6, 26, 2],
						"1.0": [0, 0, 0],
						"1.5": [-0.91755, 4.92668, -9.66285],
						"2.0": [-3.47103, 14.61643, -14.03289],
						"2.5": [-6.6013, 28.56468, -8.8278],
						"3.0": [-6, 26, 2]
					}
				},
				"right_hand3": {
					"rotation": {
						"0.0": [0, 15, 0],
						"0.5": [0, 0, 0],
						"1.0": [-0.87481, 4.92529, -9.84739],
						"1.5": [-3.42682, 14.59574, -14.72496],
						"2.0": [-6.01084, 24.26199, -10.03785],
						"2.5": [-6.01429, 29.26199, -0.0387],
						"3.0": [0, 15, 0]
					}
				},
				"right_hand5": {
					"rotation": {
						"0.0": [0, 0, -2.5],
						"0.5": [3.89093, 0.04404, 0.48206],
						"1.0": [-0.18278, 2.495, -2.75164],
						"1.5": [3.96836, 5.04144, 0.6527],
						"2.0": [3.92155, 2.5416, 0.61492],
						"2.5": [1, 0, 0]
					}
				},
				"right_hand1": {
					"rotation": {
						"0.0": [0, 0, 0],
						"0.5": [0, 0, -2.5],
						"1.0": [0, 0, 0],
						"1.5": [0, 0, -2.5],
						"2.0": [0, 0, 0],
						"2.5": [0, 0, -2.5],
						"3.0": [0, 0, 0]
					}
				},
				"right_hand2": {
					"rotation": {
						"0.0": [0, 0, 0],
						"0.5": [-0.87038, 4.92385, -10.03742],
						"1.0": [-3.5385, 14.57284, -15.49088],
						"1.5": [-4.95254, 19.38662, -5.90421],
						"2.0": [-4.56097, 24.37341, 4.24185],
						"3.0": [0, 0, 0]
					}
				},
				"left_hand5": {
					"rotation": {
						"0.0": [-7.7508, 0.25914, 5.92994],
						"0.5": [-12.19736, -1.88802, 9.32323],
						"1.0": [-17.06977, -3.85127, 13.2638],
						"1.5": [-13.67044, -6.81165, 10.41225],
						"2.0": [-12.89543, -4.35029, 9.77277],
						"2.5": [0.04462, -4.94055, -0.79612],
						"3.0": [0.04462, 0, 0]
					}
				}
			}
		},
		"attack1.new": {
			"animation_length": 1.75,
			"bones": {
				"body": {
					"rotation": {
						"0.0": [0, 0, 0],
						"0.4167": [5, 0, 0],
						"1.75": [0, 0, 0]
					}
				},
				"hand": {
					"rotation": {
						"0.0": [0, 0, 0],
						"0.4167": [5, 0, 0],
						"1.75": [2.5, 0, 0]
					}
				},
				"left_hand1": {
					"rotation": {
						"0.0": [0, 0, 0],
						"0.25": [-7.5, 0, 0],
						"0.5833": [-7.5, -7.5, 0],
						"0.7083": [-7.5, -32.5, 0],
						"1.1667": [-7.5, -2.5, 0],
						"1.75": [0, 0, 0]
					}
				},
				"right_hand1": {
					"rotation": {
						"0.0": [0, 0, 0],
						"0.25": [-7.5, 0, 0],
						"0.5833": [0, 7.5, 0],
						"0.7083": [0, 32.5, 0],
						"1.1667": [0, 0, 0],
						"1.75": [0, 0, 0]
					},
					"position": {
						"0.0": [0, 0, 0],
						"1.75": [0, 0.2, 0.1]
					}
				}
			}
		},
		"attack2.new": {
			"animation_length": 1.25,
			"bones": {
				"body": {
					"rotation": {
						"0.0": [0, 0, 0],
						"0.25": [37.5, 0, 0],
						"1.25": [0, 0, 0]
					},
					"position": {
						"0.0": [0, 0, 0],
						"0.25": [0, 1.1, -0.6],
						"0.5": [0, 1.1, -0.6],
						"0.7083": [0, 0.7, -0.6],
						"0.9167": [0, 0.5, -0.6],
						"1.125": [0, 0.5, -0.6],
						"1.25": [0, 0, 0]
					}
				},
				"hand": {
					"position": {
						"0.0": [0, 0, 0],
						"0.25": [0, 0, 0],
						"1.25": [0, 0, 0]
					}
				},
				"left_hand4": {
					"position": {
						"0.0": [0, 0, 0],
						"0.25": [0, 1, 0],
						"1.25": [0, 0, 0]
					}
				},
				"left_hand3": {
					"rotation": {
						"0.0": [0, 0, 0],
						"0.25": [0, 0, 0]
					}
				},
				"left_hand2": {
					"rotation": {
						"0.0": [0, 0, 0],
						"0.25": [0, 10, 0]
					}
				},
				"left_hand1": {
					"rotation": {
						"0.0": [0, 0, 0],
						"0.25": [10.62758, 19.6835, 3.61644],
						"1.25": [0, 0, 0]
					},
					"position": {
						"0.0": [0, 0, 0],
						"0.25": [0, -0.6, 0.3],
						"1.25": [0, 0, 0]
					}
				},
				"right_hand4": {
					"rotation": {
						"0.0": [0, 0, 0],
						"1.25": [0, 0, 0]
					},
					"position": {
						"0.0": [0, 0, 0],
						"0.25": [0, 1, 0],
						"1.25": [0, 0, 0]
					}
				},
				"right_hand3": {
					"rotation": {
						"0.0": [0, 0, 0],
						"0.25": [7.67995, 0.10865, -1.6575]
					},
					"position": {
						"0.0": [0, 0, 0],
						"1.25": [0, 0, 0]
					}
				},
				"right_hand1": {
					"rotation": {
						"0.0": [0, 0, 0],
						"0.25": [15.91527, -19.291, -5.38152],
						"1.25": [0, 0, 0]
					},
					"position": {
						"0.0": [0, 0, 0],
						"0.25": [0, -0.8, 0.3],
						"1.25": [0, 0, 0]
					}
				},
				"right_hand2": {
					"rotation": {
						"0.0": [0, 0, 0],
						"0.25": [0, -7.5, 0],
						"1.25": [0, 0, 0]
					},
					"position": {
						"0.0": [0, 0, 0],
						"1.25": [0, 0, 0]
					}
				}
			}
		}
	}
}